<?xml version="1.0" encoding="UTF-8" standalone="yes"?>
<Content>
    <Views>
        <ViewDef id="b06bad09-b051-403b-bf25-6795643ce9be">
            <Title>MS Azure Region Health - Donut Chart</Title>
            <Description/>
            <SubjectType adapterKind="CloudHealthAdapter" resourceKind="AzureRegion" type="descendant"/>
            <Usage>dashboard</Usage>
            <Usage>report</Usage>
            <Usage>details</Usage>
            <Usage>content</Usage>
            <Controls>
                <Control id="time-interval-selector_id_8" type="time-interval-selector" visible="false">
                    <Property name="advancedTimeMode" value="false"/>
                    <Property name="unit" value="DAYS"/>
                    <Property name="count" value="7"/>
                </Control>
                <Control id="attributes-selector_id_9" type="attributes-selector" visible="false">
                    <Property name="attributeInfos">
                        <List>
                            <Item>
<Value>
    <Property name="objectType" value="RESOURCE"/>
    <Property name="attributeKey" value="badge|health"/>
    <Property name="preferredUnitId" value="percent"/>
    <Property name="isStringAttribute" value="false"/>
    <Property name="adapterKind" value="CloudHealthAdapter"/>
    <Property name="resourceKind" value="AzureRegion"/>
    <Property name="rollUpType" value="NONE"/>
    <Property name="rollUpCount" value="0"/>
    <Property name="transformations">
        <List>
            <Item value="CURRENT"/>
        </List>
    </Property>
    <Property name="isProperty" value="false"/>
    <Property name="displayName" value="Health"/>
    <Property name="isShowRelativeTimestamp" value="false"/>
</Value>
                            </Item>
                        </List>
                    </Property>
                </Control>
                <Control id="buckets-control_id_10" type="buckets-control" visible="false">
                    <Property name="maxValue" value="0"/>
                    <Property name="minValue" value="0"/>
                    <Property name="dynamicCalcFunction" value="SIMPLEMAXMIN"/>
                    <Property name="bucketInfos">
                        <List>
                            <Item>
<Value>
    <Property name="startValue" value="0"/>
    <Property name="endValue" value="25"/>
    <Property name="bucketColor" value="ED186F"/>
</Value>
                            </Item>
                            <Item>
<Value>
    <Property name="startValue" value="26"/>
    <Property name="endValue" value="50"/>
    <Property name="bucketColor" value="FF681C"/>
</Value>
                            </Item>
                            <Item>
<Value>
    <Property name="startValue" value="51"/>
    <Property name="endValue" value="75"/>
    <Property name="bucketColor" value="FAC400"/>
</Value>
                            </Item>
                            <Item>
<Value>
    <Property name="startValue" value="76"/>
    <Property name="endValue" value="100"/>
    <Property name="bucketColor" value="62A420"/>
</Value>
                            </Item>
                        </List>
                    </Property>
                    <Property name="isDynamic" value="false"/>
                    <Property name="isSum" value="false"/>
                </Control>
                <Control id="metadata_id_11" type="metadata" visible="false">
                    <Property name="maxPointsCount" value="5000"/>
                    <Property name="hideObjectNameColumn" value="false"/>
                    <Property name="listTopResultSize" value="-1"/>
                </Control>
            </Controls>
            <DataProviders>
                <DataProvider dataType="distribution-view" id="distribution-view_id_7"/>
            </DataProviders>
            <Presentation type="donut-chart"/>
        </ViewDef>
        <ViewDef id="27e9f1bd-2175-4dd8-9f3e-55a86e89c7d7">
            <Title>AWS Region Health - Donut Chart</Title>
            <Description/>
            <SubjectType adapterKind="CloudHealthAdapter" resourceKind="AwsRegion" type="descendant"/>
            <Usage>dashboard</Usage>
            <Usage>report</Usage>
            <Usage>details</Usage>
            <Usage>content</Usage>
            <Controls>
                <Control id="time-interval-selector_id_14" type="time-interval-selector" visible="false">
                    <Property name="advancedTimeMode" value="false"/>
                    <Property name="unit" value="DAYS"/>
                    <Property name="count" value="7"/>
                </Control>
                <Control id="attributes-selector_id_15" type="attributes-selector" visible="false">
                    <Property name="attributeInfos">
                        <List>
                            <Item>
<Value>
    <Property name="objectType" value="RESOURCE"/>
    <Property name="attributeKey" value="badge|health"/>
    <Property name="preferredUnitId" value="percent"/>
    <Property name="isStringAttribute" value="false"/>
    <Property name="adapterKind" value="CloudHealthAdapter"/>
    <Property name="resourceKind" value="AwsRegion"/>
    <Property name="rollUpType" value="NONE"/>
    <Property name="rollUpCount" value="0"/>
    <Property name="transformations">
        <List>
            <Item value="CURRENT"/>
        </List>
    </Property>
    <Property name="isProperty" value="false"/>
    <Property name="displayName" value="Health"/>
    <Property name="isShowRelativeTimestamp" value="false"/>
</Value>
                            </Item>
                        </List>
                    </Property>
                </Control>
                <Control id="buckets-control_id_16" type="buckets-control" visible="false">
                    <Property name="maxValue" value="0"/>
                    <Property name="minValue" value="0"/>
                    <Property name="dynamicCalcFunction" value="SIMPLEMAXMIN"/>
                    <Property name="bucketInfos">
                        <List>
                            <Item>
<Value>
    <Property name="startValue" value="0"/>
    <Property name="endValue" value="25"/>
    <Property name="bucketColor" value="ED186F"/>
</Value>
                            </Item>
                            <Item>
<Value>
    <Property name="startValue" value="26"/>
    <Property name="endValue" value="50"/>
    <Property name="bucketColor" value="FF681C"/>
</Value>
                            </Item>
                            <Item>
<Value>
    <Property name="startValue" value="51"/>
    <Property name="endValue" value="75"/>
    <Property name="bucketColor" value="FAC400"/>
</Value>
                            </Item>
                            <Item>
<Value>
    <Property name="startValue" value="76"/>
    <Property name="endValue" value="100"/>
    <Property name="bucketColor" value="62A420"/>
</Value>
                            </Item>
                        </List>
                    </Property>
                    <Property name="isDynamic" value="false"/>
                    <Property name="isSum" value="false"/>
                </Control>
                <Control id="metadata_id_17" type="metadata" visible="false">
                    <Property name="maxPointsCount" value="5000"/>
                    <Property name="hideObjectNameColumn" value="false"/>
                    <Property name="listTopResultSize" value="-1"/>
                </Control>
            </Controls>
            <DataProviders>
                <DataProvider dataType="distribution-view" id="distribution-view_id_13"/>
            </DataProviders>
            <Presentation type="donut-chart"/>
        </ViewDef>
        <ViewDef id="6d3d8f5c-5b04-4191-b83e-c3a4ab45755f">
            <Title>Datacenter Health - Donut Chart</Title>
            <Description>Datacenter Health - Donut Chart</Description>
            <SubjectType adapterKind="VMWARE" resourceKind="Datacenter" type="descendant"/>
            <Usage>dashboard</Usage>
            <Usage>report</Usage>
            <Usage>details</Usage>
            <Usage>content</Usage>
            <Controls>
                <Control id="time-interval-selector_id_423" type="time-interval-selector" visible="false">
                    <Property name="advancedTimeMode" value="false"/>
                    <Property name="unit" value="DAYS"/>
                    <Property name="count" value="7"/>
                </Control>
                <Control id="attributes-selector_id_424" type="attributes-selector" visible="false">
                    <Property name="attributeInfos">
                        <List>
                            <Item>
<Value>
    <Property name="objectType" value="RESOURCE"/>
    <Property name="attributeKey" value="badge|health"/>
    <Property name="preferredUnitId" value="percent"/>
    <Property name="isStringAttribute" value="false"/>
    <Property name="adapterKind" value="VMWARE"/>
    <Property name="resourceKind" value="Datacenter"/>
    <Property name="rollUpType" value="NONE"/>
    <Property name="rollUpCount" value="0"/>
    <Property name="transformations">
        <List>
            <Item value="CURRENT"/>
        </List>
    </Property>
    <Property name="isProperty" value="false"/>
    <Property name="displayName" value="Health"/>
    <Property name="isShowRelativeTimestamp" value="false"/>
</Value>
                            </Item>
                        </List>
                    </Property>
                </Control>
                <Control id="buckets-control_id_425" type="buckets-control" visible="false">
                    <Property name="maxValue" value="0"/>
                    <Property name="minValue" value="0"/>
                    <Property name="dynamicCalcFunction" value="SIMPLEMAXMIN"/>
                    <Property name="bucketInfos">
                        <List>
                            <Item>
<Value>
    <Property name="startValue" value="0"/>
    <Property name="endValue" value="25"/>
    <Property name="bucketColor" value="ED186F"/>
</Value>
                            </Item>
                            <Item>
<Value>
    <Property name="startValue" value="25"/>
    <Property name="endValue" value="50"/>
    <Property name="bucketColor" value="FF681C"/>
</Value>
                            </Item>
                            <Item>
<Value>
    <Property name="startValue" value="50"/>
    <Property name="endValue" value="75"/>
    <Property name="bucketColor" value="FAC400"/>
</Value>
                            </Item>
                            <Item>
<Value>
    <Property name="startValue" value="75"/>
    <Property name="endValue" value="100"/>
    <Property name="bucketColor" value="62A420"/>
</Value>
                            </Item>
                        </List>
                    </Property>
                    <Property name="isDynamic" value="false"/>
                    <Property name="isSum" value="false"/>
                </Control>
                <Control id="metadata_id_426" type="metadata" visible="false">
                    <Property name="maxPointsCount" value="5000"/>
                    <Property name="hideObjectNameColumn" value="false"/>
                    <Property name="listTopResultSize" value="-1"/>
                </Control>
            </Controls>
            <DataProviders>
                <DataProvider dataType="distribution-view" id="distribution-view_id_422"/>
            </DataProviders>
            <Presentation type="donut-chart"/>
        </ViewDef>
    </Views>
</Content>
